<?xml version="1.0" encoding="UTF-8"?>
<!DOCTYPE service-builder PUBLIC "-//Liferay//DTD Service Builder 6.2.0//EN" "http://www.liferay.com/dtd/liferay-service-builder_6_2_0.dtd">
<service-builder package-path="com.demo.poc">
	<author>deependras</author>
	<namespace>poc</namespace>

	<entity name="Project" local-service="true" uuid="true"
		uuid-accessor="true">

		<!-- PK fields -->

		<column name="projectId" type="long" primary="true"></column>

		<!-- Group instance -->

		<column name="groupId" type="long"></column>

		<!-- Audit fields -->

		<column name="companyId" type="long"></column>
		<column name="userId" type="long"></column>
		<column name="userName" type="String"></column>
		<column name="createDate" type="Date"></column>
		<column name="modifiedDate" type="Date"></column>
		<column name="projectTitle" type="String"></column>
		<column name="projectDescription" type="String"></column>
		<column name="projectImageId" type="long"></column>
		<column name="projectStatus" type="int"></column>
		<column name="projectStatusByUserId" type="long"></column>
		<column name="projectStatusByUserName" type="String"></column>
		<column name="projectStatusChangeDate" type="Date"></column>
		<column name="projectImageNum" type="int"></column>

		<finder name="GroupId" return-type="Collection">
			<finder-column name="groupId"></finder-column>
		</finder>

		<reference package-path="com.liferay.portlet.asset" entity="AssetEntry" />
		<reference package-path="com.liferay.portlet.asset" entity="AssetLink" />

	</entity>
</service-builder>