<?xml version="1.0"?>

<model-hints>
	<model name="com.demo.poc.model.Project">
		<field name="uuid" type="String" />
		<field name="projectId" type="long" />
		<field name="groupId" type="long" />
		<field name="companyId" type="long" />
		<field name="userId" type="long" />
		<field name="userName" type="String" />
		<field name="createDate" type="Date" />
		<field name="modifiedDate" type="Date" />
		<field name="projectTitle" type="String" />
		<field name="projectDescription" type="String">
			<hint name="max-length">1000</hint>
		</field>
		<field name="projectImageId" type="long" />
		<field name="projectStatus" type="int" />
		<field name="projectStatusByUserId" type="long" />
		<field name="projectStatusByUserName" type="String" />
		<field name="projectStatusChangeDate" type="Date" />
		<field name="projectImageNum" type="int" />
	</model>
</model-hints>